,Brand,Cooling_Capacity,Star_Rating,Annual_power_usage,Room_Size,Warranty,Price,Ratings,no_of_rating,Reviews
0,IFB,1 Ton,3 Star,655.74,90,,"29,990",3.9,"1,637",133
1,CARRIER,1.5 Ton,3 Star,964.1,111 - 150,1,"35,990",4,"14,872","1,254"
2,Godrej,1.5 Ton,3 Star,966.34,111 - 150,5,"32,490",4,"11,016",812
3,Godrej,1.4 Ton,3 Star,905.88,111 - 150,5,"29,990",4,"11,016",812
4,MarQ,1.5 Ton,3 Star,952.69,111 - 150,1,"28,990",4.1,"15,763","1,658"
5,MarQ,1.5 Ton,5 Star,767.34,111 - 150,1,"31,990",4.1,"15,763","1,658"
6,Daikin,1.5 Ton,3 Star,966.47,111 - 150,1,"36,990",4.1,"14,418","1,094"
7,IFB,1.5 Ton,5 Star,706.85,111 - 150,1,"39,990",4,"7,020",614
8,Godrej,1 Ton,3 Star,694.03,90,,"29,990",4,"4,025",318
9,Lloyd,1.5 Ton,3 Star,941.66,111 - 150,1,"34,490",4.1,"11,020","1,437"
10,IFB,1.5 Ton,3 Star,1002.83,111 - 150,1,"41,490",3.9,"1,637",133
11,IFB,1.5 Ton,3 Star,991.28,111 - 150,1,"34,990",4,"7,020",614
12,MarQ,1 Ton,3 Star,675.18,90,,"26,490",4.1,"15,763","1,658"
13,Panasonic,1.5 Ton,3 Star,1002.31,111 - 150,1,"36,990",4.1,"24,837","2,508"
14,Panasonic,1.5 Ton,5 Star,774.19,111 - 150,1,"44,990",4.1,"24,837","2,508"
15,LG,1.5 Ton,5 Star,744.99,111 - 150,1,"46,490",4,"4,635",374
16,Panasonic,1.5 Ton,4 Star,876.76,111 - 150,1,"41,790",4,"2,464",262
17,IFB,2 Ton,3 Star,1248.28,151 - 200,1,"46,990",4,"7,020",614
18,ONIDA,1.5 Ton,3 Star,952.59,111 - 150,1,"29,990",4.1,"7,298",839
19,Lloyd,1 Ton,3 Star,698.48,90,,"30,990",4.1,"11,020","1,437"
20,Blue,1.5 Ton,5 Star,770.98,111 - 150,1,"45,990",4,"5,266",456
21,Godrej,2 Ton,3 Star,1183.2,151 - 200,5,"42,990",4,"11,016",812
22,Godrej,1.5 Ton,5 Star,728.37,111 - 150,5,"37,990",4,"11,016",812
23,MarQ,2 Ton,3 Star,1281.64,151 - 200,1,"36,990",4.1,"15,763","1,658"
24,Panasonic,1.5 Ton,3 Star,1002.31,111 - 150,1,"36,990",4.1,"24,837","2,508"
25,Blue,1.5 Ton,3 Star,1026.46,111 - 150,1,"38,390",4,"5,266",456
26,CARRIER,1.5 Ton,3 Star,964.1,111 - 150,1,"35,990",4,"14,872","1,254"
27,IFB,1.5 Ton,3 Star,1002.83,111 - 150,1,"41,490",3.9,"1,637",133
28,Panasonic,2 Ton,3 Star,1215.59,151 - 200,1,"51,990",4.1,"24,837","2,508"
29,realme,1.5 Ton,3 Star,952.69,111 - 150,1,"29,990",4.1,"1,497",190
30,Panasonic,1.5 Ton,4 Star,876.76,111 - 150,1,"41,790",4,"2,464",262
31,Blue,1.5 Ton,5 Star,770.98,111 - 150,1,"45,990",4,"5,266",456
32,Lloyd,1.5 Ton,5 Star,715.07,111 - 150,1,"41,490",4.1,"8,803","1,193"
33,Voltas,1.5 Ton,3 Star,975.26,111 - 150,1,"34,490",4.2,"5,186",439
34,Godrej,1.5 Ton,4 Star,835.07,111 - 150,5,"34,490",4,"6,173",491
35,Voltas,2 Ton,3 Star,1207.93,151 - 200,1,"45,990",4,"16,528",852
36,Panasonic,1.5 Ton,5 Star,774.19,111 - 150,1,"44,990",4.1,"24,837","2,508"
37,Godrej,2 Ton,3 Star,1183.2,151 - 200,5,"42,990",4,"11,016",812
38,ONIDA,1 Ton,3 Star,674.08,90,,"27,490",4.1,"7,298",839
39,Blue,1 Ton,3 Star,705.78,90,,"33,390",4.1,"15,366","1,512"
40,Panasonic,0.8 Ton,3 Star,519.64,90,,"28,990",4.1,"24,837","2,508"
41,Panasonic,1 Ton,3 Star,676.64,90,,"32,990",4,"2,464",262
42,Daikin,1 Ton,5 Star,523.54,90,,"38,990",4.1,"14,418","1,094"
43,Voltas,1 Ton,3 Star,672.93,90,,"30,990",4.2,"24,926","2,037"
44,Daikin,1 Ton,3 Star,680.4,90,,"33,490",4.1,"14,418","1,094"
45,Haier,1 Ton,3 Star,688.52,90,,"29,990",4,"1,314",132
46,Panasonic,1 Ton,5 Star,524.08,90,,"38,990",4.1,"24,837","2,508"
47,Panasonic,2 Ton,4 Star,1067.21,151 - 200,1,"53,990",4.1,"24,837","2,508"
48,Blue,0.8 Ton,3 Star,521.6,90,,"26,999",4.1,"15,366","1,512"
49,realme,1.5 Ton,5 Star,767.34,111 - 150,1,"32,999",4.1,"1,495",190
50,CARRIER,1.5 Ton,3 Star,964.1,111 - 150,1,"35,990",4,"14,872","1,254"
51,Panasonic,1.5 Ton,3 Star,1002.31,111 - 150,1,"36,990",4.1,"24,837","2,508"
52,Voltas,1.5 Ton,5 Star,751.28,111 - 150,1,"40,990",4,"16,528",852
53,Panasonic,0.8 Ton,3 Star,519.64,90,,"28,990",4.1,"24,837","2,508"
54,realme,1 Ton,3 Star,675.18,90,,"27,490",4.1,"1,495",190
55,Voltas,1 Ton,3 Star,682.59,90,,"30,990",3.8,224,19
56,Blue,1.5 Ton,5 Star,770.98,111 - 150,1,"45,990",4,"5,266",456
57,Panasonic,1.5 Ton,4 Star,876.76,111 - 150,1,"41,790",4,"2,464",262
58,CARRIER,1.5 Ton,5 Star,754.05,111 - 150,1,"42,990",4,"14,872","1,254"
59,SAMSUNG,1.5 Ton,3 Star,977.8,111 - 150,1,"41,600",4.1,"6,487",481
60,Lloyd,1 Ton,2 Star,735.4,90,,"28,990",,,
61,Panasonic,1.5 Ton,5 Star,774.19,111 - 150,1,"44,990",4.1,"24,837","2,508"
62,LG,1 Ton,5 Star,521.2,90,,"39,990",3.8,648,52
63,CARRIER,1.5 Ton,5 Star,754.05,111 - 150,1,"41,990",4.2,"3,544",352
64,Blue,2 Ton,3 Star,1261.37,151 - 200,1,"48,990",4,"5,266",456
65,Whirlpool,1.5 Ton,5 Star,701.52,111 - 150,1,"38,490",4.2,"7,018",761
66,Godrej,2 Ton,3 Star,1183.2,151 - 200,5,"42,990",4,"11,016",812
67,Panasonic,1 Ton,3 Star,676.64,90,,"32,990",4,"2,464",262
68,Voltas,2 Ton,5 Star,959.19,151 - 200,1,"57,840",4.2,"24,926","2,037"
69,realme,1.5 Ton,5 Star,770.08,111 - 150,1,"65,999",4.2,"1,578",175
70,Panasonic,1 Ton,5 Star,524.08,90,,"38,990",4.1,"24,837","2,508"
71,Panasonic,2 Ton,3 Star,1215.59,151 - 200,1,"51,990",4.1,"24,837","2,508"
72,Panasonic,1 Ton,4 Star,601.5,90,,"35,990",4.1,"24,837","2,508"
73,Panasonic,1.5 Ton,4 Star,876.76,111 - 150,1,"41,790",4,"2,464",262
74,Panasonic,1.5 Ton,3 Star,1002.72,111 - 150,1,"35,490",4.1,"24,837","2,508"
75,Haier,1 Ton,5 Star,541.48,90,,"36,990",4,"1,314",132
76,CARRIER,1.5 Ton,3 Star,964.1,111 - 150,1,"35,990",4,"14,869","1,254"
77,IFB,1.5 Ton,3 Star,1002.83,111 - 150,1,"41,490",3.9,"1,637",133
78,Voltas,1.5 Ton,3 Star,975.26,111 - 150,1,"35,990",4.2,"24,926","2,037"
79,Panasonic,1 Ton,5 Star,524.08,90,,"38,990",4.1,"24,837","2,508"
80,Panasonic,1.5 Ton,3 Star,1002.31,111 - 150,1,"36,990",4.1,"24,837","2,508"
81,Blue,1.5 Ton,5 Star,770.98,111 - 150,1,"45,990",4,"5,266",456
82,Lloyd,1.5 Ton,3 Star,999.49,111 - 150,1,"32,990",4.1,"8,803","1,193"
83,Lloyd,2 Ton,5 Star,970.29,151 - 200,1,"52,990",4.1,"8,803","1,193"
84,Blue,1 Ton,5 Star,517.83,90,,"38,990",4.1,"15,366","1,512"
85,Godrej,2 Ton,5 Star,916.68,151 - 200,5,"50,990",3.9,"1,063",65
86,Panasonic,1.5 Ton,5 Star,774.19,111 - 150,1,"44,990",4.1,"24,837","2,508"
87,Godrej,2 Ton,3 Star,1183.2,151 - 200,5,"42,990",4,"11,016",812
88,Panasonic,1.5 Ton,3 Star,972.89,111 - 150,1,"41,990",4.2,374,43
89,Hisense,1.5 Ton,5 Star,767.34,111 - 150,1,"35,990",4.1,"2,441",444
90,Panasonic,0.8 Ton,3 Star,519.64,90,,"28,990",4.1,"24,837","2,508"
91,Panasonic,1 Ton,3 Star,676.64,90,,"32,990",4,"2,464",262
92,realme,1.5 Ton,5 Star,770.08,111 - 150,1,"65,999",4.2,"1,578",175
93,Haier,2 Ton,3 Star,1276.55,151 - 200,5,"49,990",4,"1,541",185
94,Godrej,1.5 Ton,4 Star,883.14,111 - 150,,"33,990",4,"6,173",491
95,Panasonic,1.5 Ton,5 Star,774.19,111 - 150,1,"44,990",4,"2,464",262
96,CARRIER,1.5 Ton,3 Star,964.1,111 - 150,1,"35,990",4,"14,872","1,254"
97,IFB,1.5 Ton,3 Star,1002.83,111 - 150,1,"41,490",3.9,"1,637",133
98,Panasonic,1.5 Ton,4 Star,876.76,111 - 150,1,"41,790",4,"2,464",262
99,LG,1.5 Ton,5 Star,685.26,111 - 150,1,"42,990",4.1,"40,617","3,635"
100,Panasonic,1.5 Ton,3 Star,1002.31,111 - 150,1,"36,990",4.1,"24,837","2,508"
101,Blue,1.5 Ton,5 Star,770.98,111 - 150,1,"45,990",4,"5,266",456
102,Hitachi,1.8 Ton,3 Star,,1251,1,"48,999",4,"2,528",215
103,Blue,1.5 Ton,3 Star,1006.84,111 - 150,1,"36,490",4.1,"15,366","1,512"
104,TOSHIBA,1.5 Ton,3 Star,987.7,111 - 150,1,"41,500",3.8,28,
105,Panasonic,1.5 Ton,5 Star,774.19,111 - 150,1,"43,990",4.1,"24,837","2,508"
106,Panasonic,1.5 Ton,5 Star,774.19,111 - 150,1,"44,990",4.1,"24,837","2,508"
107,Godrej,2 Ton,3 Star,1183.2,151 - 200,5,"42,990",4,"11,016",812
108,Blue,2 Ton,5 Star,935.89,151 - 200,1,"57,120",,,
109,Panasonic,1.5 Ton,3 Star,952.59,111 - 150,1,"35,990",4.1,601,73
110,Panasonic,0.8 Ton,3 Star,519.64,90,,"28,990",4.1,"24,837","2,508"
111,Panasonic,1 Ton,3 Star,676.64,90,,"32,990",4,"2,464",262
112,Godrej,1 Ton,3 Star,752.58,90,,"32,631",4,"4,025",318
113,CARRIER,1 Ton,5 Star,536.2,90,,"35,490",4,"14,872","1,254"
114,IFB,1 Ton,3 Star,655.74,90,,"30,990",3.9,"1,637",133
115,Lloyd,1.5 Ton,3 Star,1002.76,111 - 150,1,"34,880",4.1,"11,020","1,437"
116,Blue,2 Ton,3 Star,1261.37,151 - 200,1,"48,990",4,"5,266",456
117,Panasonic,1 Ton,5 Star,524.08,90,,"38,990",4.1,"24,837","2,508"
118,Panasonic,1.5 Ton,5 Star,774.19,111 - 150,1,"51,990",4.1,601,73
119,Midea,1.5 Ton,3 Star,1088.39,111 - 150,1,"52,400",4.3,"8,138","1,174"
120,CARRIER,1.5 Ton,3 Star,964.1,111 - 150,1,"35,990",4,"14,872","1,254"
121,IFB,1.5 Ton,3 Star,1002.83,111 - 150,1,"41,490",3.9,"1,637",133
122,Whirlpool,1 Ton,5 Star,560.34,90,,"31,990",4.2,"22,104","2,843"
123,Blue,1.5 Ton,4 Star,850.74,111 - 150,1,"38,990",4.1,"15,366","1,512"
124,Hitachi,1.8 Ton,3 Star,,1251,1,"48,999",4,"2,528",215
125,CARRIER,1 Ton,5 Star,536.2,90,,"35,490",4,"14,872","1,254"
126,Panasonic,1.5 Ton,3 Star,1002.31,111 - 150,1,"36,990",4.1,"24,837","2,508"
127,Panasonic,1.5 Ton,4 Star,876.76,111 - 150,1,"41,790",4,"2,464",262
128,Admiral,1.5 Ton,3 Star,1011.43,111 - 150,3,"29,990",3.9,64,12
129,LG,1.5 Ton,5 Star,685.26,111 - 150,1,"42,990",4.1,"40,617","3,635"
130,Blue,1.5 Ton,5 Star,770.98,111 - 150,1,"45,990",4,"5,266",456
131,Panasonic,1.5 Ton,5 Star,774.19,111 - 150,1,"44,990",4.1,"24,837","2,508"
132,MarQ,1.5 Ton,4 Star,832.59,111 - 150,1,"29,990",4.1,"15,763","1,658"
133,Haier,2 Ton,3 Star,1276.55,151 - 200,5,"52,990",4,"1,541",185
134,Voltas,1.5 Ton,5 Star,751.28,111 - 150,1,"40,990",4.2,"24,926","2,037"
135,Panasonic,1.5 Ton,5 Star,774.19,111 - 150,1,"43,990",4.1,"24,837","2,508"
136,Godrej,2 Ton,3 Star,1183.2,151 - 200,5,"42,990",4,"11,016",812
137,Panasonic,0.8 Ton,3 Star,519.64,90,,"28,990",4.1,"24,837","2,508"
138,Blue,2 Ton,5 Star,935.89,151 - 200,1,"57,120",,,
139,Godrej,1.5 Ton,5 Star,744.39,111 - 150,5,"38,990",4,"11,016",812
140,Panasonic,1 Ton,3 Star,676.64,90,,"32,990",4,"2,464",262
141,Blue,2 Ton,3 Star,1261.37,151 - 200,1,"48,990",4,"5,266",456
142,Panasonic,1.5 Ton,3 Star,952.59,111 - 150,1,"35,990",4.1,601,73
143,Hitachi,1.5 Ton,5 Star,758.52,111 - 150,1,"43,990",3.9,"3,590",325
144,Haier,2 Ton,3 Star,1276.55,151 - 200,5,"52,990",4,"1,541",185
145,Voltas,1.5 Ton,3 Star,975.26,111 - 150,1,"33,749",3.9,192,20
146,CARRIER,1.5 Ton,3 Star,964.1,111 - 150,1,"35,990",4,"14,872","1,254"
147,IFB,1.5 Ton,3 Star,1002.83,111 - 150,1,"41,490",3.9,"1,637",133
148,Blue,1.5 Ton,5 Star,1104.23,111 - 150,1,"35,800",4,120,
149,Mitsubishi,1.5 Ton,3 Star,951.43,111 - 150,1,"46,990",,,
150,Panasonic,1.5 Ton,3 Star,1002.31,111 - 150,1,"36,990",4.1,"24,837","2,508"
151,Panasonic,1.5 Ton,4 Star,876.76,111 - 150,1,"41,790",4,"2,464",262
152,Hitachi,1.5 Ton,3 Star,1012.62,111 - 150,1,"37,090",3.3,,
153,Haier,1.3 Ton,3 Star,804.22,111 - 150,1,"60,999",4,"1,541",185
154,Godrej,1.5 Ton,3 Star,980.37,111 - 150,1,"31,990",3.8,132,10
155,Blue,1.5 Ton,5 Star,770.98,111 - 150,1,"44,990",3.9,"4,186",284
156,Blue,1.5 Ton,5 Star,770.98,111 - 150,1,"45,990",4,"5,266",456
157,Panasonic,1.5 Ton,5 Star,774.19,111 - 150,1,"44,990",4.1,"24,837","2,508"
158,Voltas,1 Ton,3 Star,672.93,90,,"30,390",3.9,237,18
159,Haier,1.5 Ton,3 Star,925.24,111 - 150,1,"38,300",4,"1,314",132
160,Godrej,2 Ton,3 Star,1183.2,151 - 200,5,"42,990",4,"11,016",812
161,Panasonic,0.8 Ton,3 Star,519.64,90,,"28,990",4.1,"24,837","2,508"
162,MITASHI,1 Ton,3 Star,765.59,90,,"29,500",4.1,104,10
163,Blue,1.5 Ton,4 Star,840.75,111 - 150,1,"40,990",4,"5,266",456
164,SAMSUNG,2 Ton,3 Star,1145.22,151 - 200,1,"55,990",4.1,450,38
165,Voltas,1.5 Ton,5 Star,759.07,111 - 150,1,"41,449",4.2,"1,679",146
166,Panasonic,1 Ton,3 Star,676.64,90,,"32,990",4,"2,464",262
167,Blue,2 Ton,3 Star,1261.37,151 - 200,1,"48,990",4,"5,266",456
168,LG,2 Ton,3 Star,1232.78,151 - 200,1,"54,990",4.1,"40,617","3,635"
169,Godrej,1.5 Ton,3 Star,980.37,111 - 150,,"33,999",4,"4,025",318
170,CARRIER,1.5 Ton,3 Star,964.1,111 - 150,1,"35,990",4,"14,872","1,254"
171,IFB,1.5 Ton,3 Star,1002.83,111 - 150,1,"41,490",3.9,"1,637",133
172,realme,1 Ton,3 Star,663.61,90,,"27,490",4.2,"1,578",175
173,ONIDA,1 Ton,3 Star,818.81,90,,"44,990",4.1,"7,298",839
174,SAMSUNG,2 Ton,3 Star,1145.22,151 - 200,1,"48,990",4.1,"2,440",206
175,SAMSUNG,2 Ton,3 Star,1145.22,151 - 200,1,"80,990",4.2,740,61
176,Panasonic,1.5 Ton,3 Star,1002.31,111 - 150,1,"36,990",4.1,"24,837","2,508"
177,Panasonic,1.5 Ton,4 Star,876.76,111 - 150,1,"41,790",4,"2,464",262
178,SAMSUNG,1.5 Ton,5 Star,832.8,111 - 150,1,"42,990",4.2,503,59
179,IFB,1 Ton,3 Star,655.6,90,,"33,000",4,"7,020",614
180,Blue,1.5 Ton,5 Star,770.98,111 - 150,1,"45,990",4,"5,266",456
181,Panasonic,1.5 Ton,5 Star,774.19,111 - 150,1,"44,990",4.1,"24,837","2,508"
182,Hisense,1 Ton,3 Star,674.08,90,,"28,990",4.1,"2,441",444
183,Panasonic,2.2 Ton,4 Star,1351.04,,,"70,860",4.2,374,43
184,Panasonic,1 Ton,5 Star,531.41,90,,"40,990",4.1,473,56
185,Midea,1.5 Ton,5 Star,754.05,111 - 150,1,"37,990",4,765,100
186,Godrej,2 Ton,3 Star,1183.2,151 - 200,5,"42,990",4,"11,016",812
187,Panasonic,0.8 Ton,3 Star,519.64,90,,"28,990",4.1,"24,837","2,508"
188,Blue,1 Ton,3 Star,704.42,90,,"35,000",4.1,"4,631",388
189,Whirlpool,1.5 Ton,3 Star,1029.65,111 - 150,1,"39,247",4.1,"2,194",307
190,Panasonic,1 Ton,3 Star,676.64,90,,"32,990",4,"2,464",262
191,Blue,2 Ton,3 Star,1261.37,151 - 200,1,"48,990",4,"5,266",456
192,Haier,1.3 Ton,3 Star,804.22,111 - 150,1,"60,999",4,"1,541",185
193,Godrej,1.5 Ton,3 Star,980.37,111 - 150,1,"31,990",3.8,132,10
194,Lloyd,1.5 Ton,5 Star,759.37,111 - 150,1,"51,000",3.8,202,20
195,Blue,1.5 Ton,5 Star,770.98,111 - 150,1,"44,990",3.9,"4,186",284
196,CARRIER,1.5 Ton,3 Star,964.1,111 - 150,1,"35,990",4,"14,872","1,254"
197,IFB,1.5 Ton,3 Star,1002.83,111 - 150,1,"41,490",3.9,"1,637",133
198,Voltas,1 Ton,3 Star,672.93,90,,"30,390",3.9,237,18
199,Haier,1.5 Ton,3 Star,925.24,111 - 150,1,"38,300",4,"1,314",132
200,Panasonic,1.5 Ton,3 Star,1002.31,111 - 150,1,"36,990",4.1,"24,837","2,508"
201,Panasonic,1.5 Ton,4 Star,876.76,111 - 150,1,"41,790",4,"2,464",262
202,MITASHI,1 Ton,3 Star,765.59,90,,"29,500",4.1,104,10
203,Midea,1 Ton,3 Star,704.46,90,,"59,999",4,765,100
204,Blue,1.5 Ton,4 Star,840.75,111 - 150,1,"40,990",4,"5,266",456
205,Godrej,1.5 Ton,3 Star,1046.29,111 - 150,1,"32,490",4.1,"2,762",259
206,Blue,1.5 Ton,5 Star,770.98,111 - 150,1,"45,990",4,"5,266",456
207,Panasonic,1.5 Ton,5 Star,774.19,111 - 150,1,"44,990",4.1,"24,837","2,508"
208,Lloyd,1.5 Ton,5 Star,,1370,1,"42,999",4.2,511,57
209,SAMSUNG,2 Ton,3 Star,1145.22,151 - 200,1,"55,990",4.1,450,38
210,Godrej,2 Ton,3 Star,1183.2,151 - 200,5,"42,990",4,"11,016",812
211,Panasonic,0.8 Ton,3 Star,519.64,90,,"28,990",4.1,"24,837","2,508"
212,SAMSUNG,1 Ton,3 Star,624.48,90,,"48,989",4.1,"6,491",481
213,IFB,1 Ton,2 Star,773.19,90,,"32,490",3.9,"1,637",133
214,Voltas,1.5 Ton,5 Star,759.07,111 - 150,1,"41,449",4.2,"1,679",146
215,Daikin,1 Ton,3 Star,68.4,90,,"33,949",3.8,13,
216,CARRIER,1.5 Ton,3 Star,964.1,111 - 150,1,"35,990",4,"14,869","1,254"
217,Panasonic,1.5 Ton,3 Star,1002.31,111 - 150,1,"36,990",4.1,"24,837","2,508"
218,LG,1.5 Ton,5 Star,818.81,111 - 150,1,"50,300",4.1,"40,617","3,635"
219,Voltas,1.5 Ton,3 Star,1204.98,111 - 150,1,"34,990",4.1,795,57
220,Panasonic,1.5 Ton,4 Star,876.76,111 - 150,1,"41,790",4,"2,464",262
221,Blue,1.5 Ton,5 Star,770.98,111 - 150,1,"45,990",4,"5,266",456
222,Blue,0.9 Ton,3 Star,644.46,90,,"36,400",4.1,"15,366","1,512"
223,IFB,1.5 Ton,3 Star,1005.73,111 - 150,1,"42,999",4,"7,020",614
224,MITASHI,1 Ton,3 Star,765.59,90,,"29,500",4.1,104,10
225,Panasonic,1 Ton,5 Star,531.41,90,,"40,990",4.1,473,56
226,Panasonic,1.5 Ton,5 Star,774.19,111 - 150,1,"44,990",4.1,"24,837","2,508"
227,Godrej,2 Ton,3 Star,1183.2,151 - 200,5,"42,990",4,"11,016",812
228,CARRIER,1.5 Ton,4 Star,974.21,111 - 150,1,"38,499",4.2,"3,544",352
229,IFB,1.5 Ton,5 Star,798.18,111 - 150,1,"42,990",4,"7,020",614
230,Panasonic,0.8 Ton,3 Star,519.64,90,,"28,990",4.1,"24,837","2,508"
231,Blue,2 Ton,3 Star,1261.37,151 - 200,1,"48,990",4,"5,266",456
232,,1 Ton,3 Star,701.66,90,,"38,990",,,
233,CARRIER,2 Ton,5 Star,920.55,151 - 200,1,"53,990",4.2,140,
234,Panasonic,1.5 Ton,5 Star,774.19,111 - 150,1,"46,990",4.1,601,73
235,CANDY,1 Ton,5 Star,528.92,90,,"27,490",4,966,144
236,Panasonic,1 Ton,3 Star,676.64,90,,"32,990",4,"2,464",262
237,Panasonic,1 Ton,5 Star,524.08,90,,"38,990",4.1,"24,837","2,508"
238,TOSHIBA,1.8 Ton,5 Star,996.24,151 - 200,1,"52,416",4,,
239,Voltas,1.5 Ton,3 Star,,111 - 150,,"29,729",4.2,"24,926","2,037"
240,CARRIER,1.5 Ton,3 Star,964.1,111 - 150,1,"35,990",4,"14,872","1,254"
241,IFB,1.5 Ton,3 Star,1002.83,111 - 150,1,"41,490",3.9,"1,637",133
242,Daikin,1.5 Ton,3 Star,881.05,111 - 150,1,"42,490",4.1,73,
243,MarQ,1.5 Ton,3 Star,1213.1,111 - 150,1,"27,984",4.4,190,26
244,Whirlpool,1.5 Ton,5 Star,826.39,111 - 150,,"43,500",4.1,"6,025",653
245,CARRIER,1 Ton,5 Star,,0,,"42,800",4.2,439,69
246,Panasonic,1.5 Ton,3 Star,1002.31,111 - 150,1,"36,990",4.1,"24,837","2,508"
247,Panasonic,1.5 Ton,4 Star,876.76,111 - 150,1,"41,790",4,"2,464",262
248,Hitachi,1.5 Ton,3 Star,1024.34,111 - 150,1,"40,800",4,"2,528",215
249,Panasonic,1.5 Ton,3 Star,1015.62,111 - 150,1,"36,999",4,"2,464",262
250,Blue,1.5 Ton,5 Star,770.98,111 - 150,1,"45,990",4,"5,266",456
251,Panasonic,1.5 Ton,5 Star,774.19,111 - 150,1,"44,990",4.1,"24,837","2,508"
252,MOTOROLA,1.5 Ton,3 Star,953.78,111 - 150,1,"29,990",4.3,454,56
253,Admiral,1.5 Ton,5 Star,767.34,111 - 150,3,"33,990",3.9,64,12
254,Haier,1 Ton,3 Star,694.49,90,,"34,518",4,"2,979",347
255,Hitachi,1 Ton,3 Star,669.16,90,,"32,990",3.9,"3,590",325
256,Godrej,2 Ton,3 Star,1183.2,151 - 200,5,"42,990",4,"11,016",812
257,Panasonic,0.8 Ton,3 Star,519.64,90,,"28,990",4.1,"24,837","2,508"
258,Lloyd,1 Ton,3 Star,698.49,90,,"34,999",4.2,107,
259,SAMSUNG,1.5 Ton,5 Star,832.8,111 - 150,1,"49,500",4.2,"3,581",313
260,Panasonic,1 Ton,3 Star,676.64,90,,"32,990",4,"2,464",262
261,Blue,2 Ton,3 Star,1261.37,151 - 200,1,"48,990",4,"5,266",456
262,Whirlpool,1.5 Ton,4 Star,854.16,111 - 150,1,"42,900",4,"7,423",599
263,LG,1.5 Ton,5 Star,685.26,111 - 150,1,"50,600",4.1,"40,617","3,635"
264,Blue,1.5 Ton,5 Star,774.88,111 - 150,1,"46,999",4.7,,
265,Godrej,1.7 Ton,3 Star,1131.4,151 - 200,1,"35,149",4.4,16,
266,CARRIER,1.5 Ton,3 Star,964.1,111 - 150,1,"35,990",4,"14,872","1,254"
267,IFB,1.5 Ton,3 Star,1002.83,111 - 150,1,"41,490",3.9,"1,637",133
268,Lloyd,1.5 Ton,3 Star,940.43,111 - 150,1,"35,440",4,14,
269,Blue,1.5 Ton,3 Star,1002.84,111 - 150,1,"40,800",4.1,"4,631",388
270,Panasonic,1.5 Ton,3 Star,1002.31,111 - 150,1,"36,990",4.1,"24,837","2,508"
271,Panasonic,1.5 Ton,4 Star,876.76,111 - 150,1,"41,790",4,"2,464",262
272,CARRIER,2 Ton,3 Star,1257.12,151 - 200,1,"78,500",4,"14,872","1,254"
273,LG,1.5 Ton,5 Star,818.81,111 - 150,1,"50,300",4.1,"40,617","3,635"
274,Daikin,1.5 Ton,3 Star,967.4,111 - 150,1,"40,990",4.1,"5,417",407
275,CARRIER,0.8 Ton,3 Star,526.03,90,,"55,690",4,"14,872","1,254"
276,Blue,1.5 Ton,5 Star,770.98,111 - 150,1,"45,990",4,"5,266",456
277,Panasonic,1.5 Ton,5 Star,774.19,111 - 150,1,"44,990",4.1,"24,837","2,508"
278,Admiral,1 Ton,3 Star,684.78,90,,"27,490",3.9,64,12
279,IFB,1.5 Ton,3 Star,1005.73,111 - 150,1,"45,999",3.9,"1,637",133
280,Godrej,2 Ton,3 Star,1183.2,151 - 200,5,"42,990",4,"11,016",812
281,Panasonic,0.8 Ton,3 Star,519.64,90,,"28,990",4.1,"24,837","2,508"
282,Blue,1.5 Ton,3 Star,1026.46,111 - 150,1,"37,349",4,,
283,Blue,1.5 Ton,3 Star,975.37,111 - 150,1,"40,800",4.1,"15,366","1,512"
284,Blue,1.2 Ton,3 Star,865.48,91 - 110,1,"34,999",4.1,"15,366","1,512"
285,Haier,1.6 Ton,5 Star,836.95,151 - 200,1,"42,990",4,,
286,Panasonic,1 Ton,3 Star,676.64,90,,"32,990",4,"2,464",262
287,Blue,2 Ton,3 Star,1261.37,151 - 200,1,"48,990",4,"5,266",456
288,Daikin,1.8 Ton,3 Star,1161.78,151 - 200,1,"53,990",,,
289,Panasonic,1.5 Ton,5 Star,1086.41,111 - 150,1,,3.9,,
290,CARRIER,1.5 Ton,3 Star,964.1,111 - 150,1,"35,990",4,"14,872","1,254"
291,Panasonic,1.5 Ton,3 Star,1002.31,111 - 150,1,"36,990",4.1,"24,837","2,508"
292,Electrolux,1.5 Ton,3 Star,1000.9,111 - 150,1,"36,200",3,,
293,Blue,1.5 Ton,3 Star,1007.86,111 - 150,1,"40,000",4.1,892,74
294,SAMSUNG,2 Ton,3 Star,1145.22,151 - 200,1,"55,990",4.1,450,38
295,Lloyd,1 Ton,3 Star,644.02,90,,"31,890",4.3,,
296,Panasonic,1.5 Ton,4 Star,876.76,111 - 150,1,"41,790",4,"2,464",262
297,Blue,1.5 Ton,5 Star,770.98,111 - 150,1,"45,990",4,"5,266",456
298,Lloyd,1.5 Ton,5 Star,780.56,111 - 150,1,"42,999",4.1,"11,020","1,437"
299,Whirlpool,1.5 Ton,3 Star,,0,1,"34,090",3.9,31,
300,Panasonic,1.5 Ton,5 Star,774.19,111 - 150,1,"44,990",4.1,"24,837","2,508"
301,Godrej,2 Ton,3 Star,1183.2,151 - 200,5,"42,990",4,"11,016",812
302,Haier,1 Ton,3 Star,694.49,90,,,4,"2,979",347
303,Blue,1 Ton,4 Star,565.65,90,,"47,101",4.1,"15,366","1,512"
304,Lloyd,1.2 Ton,3 Star,918.14,91 - 110,1,"33,333",4.3,844,162
305,Godrej,2 Ton,,,151 - 200,,"41,199",3.8,24,
306,Panasonic,0.8 Ton,3 Star,519.64,90,,"28,990",4.1,"24,837","2,508"
307,Blue,2 Ton,3 Star,1261.37,151 - 200,1,"48,990",4,"5,266",456
308,Blue,1.5 Ton,3 Star,975.37,111 - 150,1,"40,800",4.1,"15,366","1,512"
309,Panasonic,1.5 Ton,5 Star,846.85,111 - 150,1,"44,934",4.5,153,23
310,Panasonic,1 Ton,3 Star,676.64,90,,"32,990",4,"2,464",262
311,Panasonic,1 Ton,5 Star,524.08,90,,"38,990",4.1,"24,837","2,508"
312,Lloyd,1.5 Ton,5 Star,715.07,111 - 150,1,"40,580",4.3,16,
313,Hitachi,1 Ton,3 Star,688.96,90,,"31,141",3.8,475,41
314,Lloyd,1 Ton,3 Star,689.77,90,,"35,900",3.5,121,15
315,Godrej,1.7 Ton,3 Star,1118.35,151 - 200,1,"33,959",,,
316,CARRIER,1.5 Ton,3 Star,964.1,111 - 150,1,"35,990",4,"14,872","1,254"
317,IFB,1.5 Ton,3 Star,1002.83,111 - 150,1,"41,490",3.9,"1,637",133
318,Acer,1 Ton,3 Star,655.38,90,,"27,999",,,
319,Godrej,1.5 Ton,3 Star,1006.54,111 - 150,1,"34,890",4,11,
320,Panasonic,1.5 Ton,3 Star,1002.31,111 - 150,1,"36,990",4.1,"24,837","2,508"
321,Panasonic,1.5 Ton,4 Star,876.76,111 - 150,1,"41,790",4,"2,464",262
322,Hitachi,2 Ton,3 Star,1409.41,151 - 200,1,"51,850",3.7,,
323,Daikin,2.02 Ton,3 Star,1372.85,,,"63,999",5,,
324,Blue,1 Ton,3 Star,703.9,90,,"33,799",3.9,14,
325,Haier,1.6 Ton,5 Star,836.95,151 - 200,1,"43,500",4.8,,
326,Blue,1.5 Ton,5 Star,770.98,111 - 150,1,"45,990",4,"5,266",456
327,Panasonic,1.5 Ton,5 Star,774.19,111 - 150,1,"44,990",4.1,"24,837","2,508"
328,Godrej,1.5 Ton,5 Star,765.86,111 - 150,1,"36,490",,,
329,Hitachi,1.8 Ton,4 Star,1084.82,151 - 200,1,"56,499",,,
330,Godrej,2 Ton,3 Star,1183.2,151 - 200,5,"42,990",4,"11,016",812
331,Panasonic,0.8 Ton,3 Star,519.64,90,,"28,990",4.1,"24,837","2,508"
332,Hitachi,1 Ton,3 Star,669.16,90,,"32,250",4.4,14,
333,Panasonic,1.5 Ton,5 Star,774.19,111 - 150,1,"51,469",4.2,374,43
334,ONIDA,1.5 Ton,3 Star,1002.84,111 - 150,1,"38,490",4.2,205,20
335,Daikin,1.8 Ton,4 Star,1161.78,151 - 200,1,"52,790",3.9,14,
336,CARRIER,1.5 Ton,3 Star,964.1,111 - 150,1,"35,990",4,"14,872","1,254"
337,IFB,1.5 Ton,3 Star,1002.83,111 - 150,1,"41,490",3.9,"1,637",133
338,Lloyd,1 Ton,5 Star,574.71,90,,"37,999",4,10,
339,Godrej,1.5 Ton,5 Star,840.2,111 - 150,1,"40,300",4.1,38,
340,Panasonic,1.5 Ton,3 Star,1002.31,111 - 150,1,"36,990",4.1,"24,837","2,508"
341,Panasonic,1.5 Ton,4 Star,876.76,111 - 150,1,"41,790",4,"2,464",262
342,Hitachi,2 Ton,3 Star,1409.41,151 - 200,1,"51,850",3.7,,
343,Hitachi,1 Ton,3 Star,669.16,90,,"32,250",4.4,14,
344,Panasonic,1.5 Ton,5 Star,774.19,111 - 150,1,"51,469",4.2,374,43
345,Blue,1 Ton,3 Star,704.42,90,,"34,390",4.9,,
346,Blue,1.5 Ton,5 Star,770.98,111 - 150,1,"45,990",4,"5,266",456
347,Panasonic,1.5 Ton,5 Star,774.19,111 - 150,1,"44,990",4.1,"24,837","2,508"
348,Daikin,1 Ton,5 Star,523.54,90,,"38,600",3.7,36,
349,ONIDA,1 Ton,3 Star,689.19,90,,"28,599",4.6,,
350,Godrej,2 Ton,3 Star,1183.2,151 - 200,5,"42,990",4,"11,016",812
351,Panasonic,0.8 Ton,3 Star,519.64,90,,"28,990",4.1,"24,837","2,508"
352,Lloyd,1.5 Ton,4 Star,863.15,111 - 150,1,"43,990",4.1,"8,803","1,193"
353,Godrej,1 Ton,3 Star,,90,,"28,290",4.3,,
354,Blue,1.5 Ton,5 Star,1082.57,111 - 150,1,"37,999",3.9,112,13
355,Kelvinator,1.5 Ton,3 Star,988.09,111 - 150,5,"33,499",,,
356,Panasonic,1 Ton,3 Star,676.64,90,,"32,990",4,"2,464",262
357,Blue,2 Ton,3 Star,1261.37,151 - 200,1,"48,990",4,"5,266",456
358,Hitachi,1.5 Ton,5 Star,823.18,111 - 150,1,"47,890",,,
359,Blue,1.5 Ton,3 Star,101.2,111 - 150,1,"41,500",,,
360,CARRIER,1.5 Ton,3 Star,964.1,111 - 150,1,"35,990",4,"14,872","1,254"
361,IFB,1.5 Ton,3 Star,1002.83,111 - 150,1,"41,490",3.9,"1,637",133
362,Haier,1.5 Ton,3 Star,925.24,111 - 150,1,"38,300",,,
363,Voltas,2 Ton,3 Star,1122.45,151 - 200,1,"45,900",4,37,
364,Hitachi,1.5 Ton,3 Star,1012.62,111 - 150,1,"38,989",,,
365,Voltas,2 Ton,3 Star,1217.79,151 - 200,1,"53,879",3.8,,
366,Panasonic,1.5 Ton,3 Star,1002.31,111 - 150,1,"36,990",4.1,"24,837","2,508"
367,Panasonic,1.5 Ton,4 Star,876.76,111 - 150,1,"41,790",4,"2,464",262
368,White,1 Ton,3 Star,756.82,90,,"32,190",,,
369,Daikin,1.5 Ton,3 Star,966.47,111 - 150,1,"38,390",,,
370,Blue,1.5 Ton,5 Star,770.98,111 - 150,1,"45,990",4,"5,266",456
371,Panasonic,1.5 Ton,5 Star,774.19,111 - 150,1,"44,990",4.1,"24,837","2,508"
372,Midea,1 Ton,3 Star,736.57,90,,"55,999",4.4,26,
373,Voltas,1.5 Ton,,,111 - 150,,"35,910",3.7,,
374,SAMSUNG,1.5 Ton,5 Star,806.28,111 - 150,1,"58,990",4.3,352,36
375,Godrej,1.5 Ton,3 Star,1123.23,111 - 150,1,"31,999",3.7,24,
376,Godrej,2 Ton,3 Star,1183.2,151 - 200,5,"42,990",4,"11,016",812
377,Panasonic,0.8 Ton,3 Star,519.64,90,,"28,990",4.1,"24,837","2,508"
378,Haier,1.5 Ton,5 Star,880.3,111 - 150,1,"44,999",4.1,40,
379,Daikin,1.8 Ton,4 Star,1161.78,151 - 200,1,"51,409",4,,
380,Panasonic,1 Ton,3 Star,676.64,90,,"32,990",4,"2,464",262
381,Blue,2 Ton,3 Star,1261.37,151 - 200,1,"48,990",4,"5,266",456
382,Voltas,1 Ton,3 Star,672.93,90,,"31,490",,,
383,Blue,1 Ton,5 Star,536.27,90,,"38,989",,,
384,Hitachi,1.5 Ton,3 Star,1024.34,111 - 150,1,"39,999",3.9,63,
385,SAMSUNG,1.5 Ton,3 Star,1044.19,111 - 150,1,"37,746",4.4,94,
386,CARRIER,1.5 Ton,3 Star,964.1,111 - 150,1,"35,990",4,"14,872","1,254"
387,Panasonic,1.5 Ton,4 Star,876.76,111 - 150,1,"41,790",4,"2,464",262
388,Lloyd,1 Ton,5 Star,520.93,90,,"40,990",3.5,121,15
389,Godrej,1.5 Ton,5 Star,765.86,111 - 150,1,"36,190",2.6,,
390,Blue,1.5 Ton,5 Star,770.98,111 - 150,1,"45,990",4,"5,266",456
391,Panasonic,1.5 Ton,3 Star,1002.31,111 - 150,1,"36,990",4.1,"24,837","2,508"
392,Godrej,1.5 Ton,3 Star,1123.23,111 - 150,1,"31,999",3.7,24,
393,Daikin,2.02 Ton,3 Star,1372.85,,,"63,920",3.6,29,
394,Lloyd,1.5 Ton,5 Star,758.96,111 - 150,1,"44,500",4.1,"11,020","1,437"
395,Haier,1.6 Ton,5 Star,880.3,151 - 200,1,"43,490",3.4,,
396,Panasonic,0.8 Ton,3 Star,519.64,90,,"28,990",4.1,"24,837","2,508"
397,Godrej,2 Ton,3 Star,1183.2,151 - 200,5,"42,990",4,"11,016",812
398,Voltas,1.5 Ton,3 Star,604.19,111 - 150,1,"51,990",,,
399,White,1 Ton,3 Star,756.82,90,,"32,190",,,
400,Panasonic,1.5 Ton,5 Star,774.19,111 - 150,1,"44,990",4.1,"24,837","2,508"
401,Blue,2 Ton,3 Star,1261.37,151 - 200,1,"48,990",4,"5,266",456
402,Blue,1.5 Ton,5 Star,1082.57,111 - 150,1,"37,999",3.9,112,13
403,Hitachi,1.5 Ton,3 Star,1024.34,111 - 150,1,"38,799",3.8,30,
404,,1.5 Ton,3 Star,991.28,111 - 150,2,"36,999",1.7,,
405,Frigidaire,1 Ton,3 Star,692.38,90,,"28,999",,,
406,Panasonic,1 Ton,3 Star,676.64,90,,"32,990",4,"2,464",262
407,Panasonic,1 Ton,5 Star,524.08,90,,"38,990",4.1,"24,837","2,508"
408,Haier,1.5 Ton,5 Star,880.3,111 - 150,1,"44,999",4.1,40,
409,Hitachi,1.5 Ton,5 Star,758.52,111 - 150,1,"43,829",3,,
410,CARRIER,1.5 Ton,3 Star,964.1,111 - 150,1,"35,990",4,"14,872","1,254"
411,IFB,1.5 Ton,3 Star,1002.83,111 - 150,1,"41,490",3.9,"1,637",133
412,Blue,2 Ton,3 Star,1261.37,151 - 200,1,"51,399",3.5,15,
413,Hitachi,1.5 Ton,3 Star,,111 - 150,,"41,800",3.7,,
414,Lloyd,1.4 Ton,3 Star,,400,1,"36,680",,,
415,Lloyd,1 Ton,5 Star,587.66,90,,"36,999",4.7,,
416,Panasonic,1.5 Ton,3 Star,1002.31,111 - 150,1,"36,990",4.1,"24,837","2,508"
417,Panasonic,1.5 Ton,4 Star,876.76,111 - 150,1,"41,790",4,"2,464",262
418,Blue,2 Ton,3 Star,1239.63,151 - 200,1,"55,000",,,
419,IFB,1.5 Ton,3 Star,991.28,111 - 150,1,"37,490",3.8,66,
420,Blue,1.5 Ton,5 Star,770.98,111 - 150,1,"45,990",4,"5,266",456
421,Panasonic,1.5 Ton,5 Star,774.19,111 - 150,1,"44,990",4.1,"24,837","2,508"
422,Acer,1 Ton,5 Star,523.76,90,,"33,990",,,
423,Daikin,1.5 Ton,3 Star,966.47,111 - 150,1,"37,990",3.5,11,
424,Hitachi,1.8 Ton,4 Star,1084.82,151 - 200,1,"59,899",,,
425,Panasonic,2 Ton,3 Star,1215.89,151 - 200,1,"52,890",,,
426,Godrej,2 Ton,3 Star,1183.2,151 - 200,5,"42,990",4,"11,016",812
427,Panasonic,0.8 Ton,3 Star,519.64,90,,"28,990",4.1,"24,837","2,508"
428,Acer,1.5 Ton,5 Star,690.86,111 - 150,1,"36,990",,,
429,Lloyd,1.5 Ton,5 Star,714.5,111 - 150,1,"39,990",4,,
430,Panasonic,1 Ton,3 Star,676.64,90,,"32,990",4,"2,464",262
431,Blue,2 Ton,3 Star,1261.37,151 - 200,1,"48,990",4,"5,266",456
432,Blue,1.5 Ton,3 Star,1087.62,111 - 150,1,"39,890",,,
433,Voltas,1.5 Ton,3 Star,1045.71,111 - 150,1,"43,490",,,
434,Godrej,1.5 Ton,3 Star,1128.49,111 - 150,1,"37,300",4.4,39,
435,Voltas,1.5 Ton,5 Star,893.02,111 - 150,1,"43,800",3.7,30,
436,CARRIER,1.5 Ton,3 Star,964.1,111 - 150,1,"35,990",4,"14,872","1,254"
437,IFB,1.5 Ton,3 Star,1002.83,111 - 150,1,"41,490",3.9,"1,637",133
438,Blue,1.5 Ton,3 Star,,1456,1,"41,500",3.5,,
439,Blue,1.5 Ton,3 Star,1006.84,111 - 150,1,"40,600",,,
440,Panasonic,1.5 Ton,3 Star,1002.31,111 - 150,1,"36,990",4.1,"24,837","2,508"
441,Panasonic,1.5 Ton,4 Star,876.76,111 - 150,1,"41,790",4,"2,464",262
442,Blue,1.5 Ton,3 Star,1037.96,111 - 150,1,"41,500",,,
443,Lloyd,1.5 Ton,3 Star,1002.76,111 - 150,1,"34,490",4.2,60,
444,Blue,1.5 Ton,5 Star,,1456,1,"47,600",3.9,55,
445,IFB,1.5 Ton,3 Star,991.28,111 - 150,1,"37,490",3.8,66,
446,Blue,1.5 Ton,5 Star,770.98,111 - 150,1,"45,990",4,"5,266",456
447,Panasonic,1.5 Ton,5 Star,774.19,111 - 150,1,"44,990",4.1,"24,837","2,508"
448,Blue,1 Ton,3 Star,706.99,90,,"33,390",4,"5,266",456
449,Voltas,1.5 Ton,3 Star,1037.79,111 - 150,1,"37,370",,,
450,Godrej,2 Ton,3 Star,1183.2,151 - 200,5,"42,990",4,"11,016",812
451,Panasonic,0.8 Ton,3 Star,519.64,90,,"28,990",4.1,"24,837","2,508"
452,Lloyd,1.5 Ton,5 Star,1095.38,111 - 150,1,"36,190",3.8,25,
453,Blue,2 Ton,3 Star,1464.72,151 - 200,1,"42,740",4.2,11,
454,Voltas,1.5 Ton,5 Star,,1490,1,"41,900",4.5,,
455,Blue,2 Ton,5 Star,1087.24,151 - 200,1,"64,500",3.9,15,
456,CARRIER,1.5 Ton,3 Star,964.1,111 - 150,1,"35,990",4,"14,872","1,254"
457,IFB,1.5 Ton,3 Star,1002.83,111 - 150,1,"41,490",3.9,"1,637",133
458,Blue,1.5 Ton,3 Star,1012.44,111 - 150,1,"36,990",,,
459,Lloyd,1.5 Ton,3 Star,990.77,111 - 150,1,"40,990",3.5,121,15
460,Panasonic,1.5 Ton,3 Star,1002.31,111 - 150,1,"36,990",4.1,"24,815","2,508"
461,Panasonic,1.5 Ton,4 Star,876.76,111 - 150,1,"41,790",4,"2,464",262
462,Hitachi,1.5 Ton,5 Star,780.6,111 - 150,2,"45,395",3.6,54,
463,Voltas,2 Ton,3 Star,1217.79,151 - 200,1,"53,879",3.8,,
464,Blue,1.5 Ton,5 Star,783.33,111 - 150,1,"44,990",4.8,,
465,Daikin,1.5 Ton,3 Star,966.47,111 - 150,1,"38,230",3.9,36,
466,Blue,1.5 Ton,5 Star,770.98,111 - 150,1,"45,990",4,"5,266",456
467,Panasonic,1.5 Ton,5 Star,774.19,111 - 150,1,"44,990",4.1,"24,815","2,508"
468,Blue,1 Ton,3 Star,706.99,90,,"33,390",4,"5,266",456
469,Lloyd,1.5 Ton,5 Star,794.34,111 - 150,1,"45,774",,,
470,Godrej,2 Ton,3 Star,1183.2,151 - 200,5,"42,990",4,"11,016",812
471,Panasonic,0.8 Ton,3 Star,519.64,90,,"28,990",4.1,"24,815","2,508"
472,Voltas,2 Ton,3 Star,1122.45,151 - 200,1,"45,900",4,37,
473,Godrej,1.5 Ton,3 Star,1128.49,111 - 150,1,"37,300",4.4,39,
474,Godrej,1.5 Ton,,,111 - 150,,"32,099",,,
475,CARRIER,1 Ton,3 Star,,2550,,"33,660",,,
476,Panasonic,1 Ton,3 Star,676.64,90,,"32,990",4,"2,464",262
477,Blue,2 Ton,3 Star,1261.37,151 - 200,1,"48,990",4,"5,266",456
478,Godrej,1.5 Ton,3 Star,953.37,111 - 150,1,"39,980",,,
479,Hitachi,1.5 Ton,5 Star,1068.21,111 - 150,1,"38,449",3.4,43,
480,CARRIER,1.5 Ton,3 Star,964.1,111 - 150,1,"35,990",4,"14,872","1,254"
481,Panasonic,1.5 Ton,3 Star,1002.31,111 - 150,1,"36,990",4.1,"24,837","2,508"
482,,2 Ton,3 Star,1274.33,151 - 200,2,"52,990",,,
483,Haier,1.5 Ton,3 Star,1020.54,111 - 150,1,"38,490",4,,
484,Gazhal,1 Ton,,,90,,"34,499",,,
485,Voltas,1.5 Ton,,,111 - 150,,"46,990",,,
486,Panasonic,1.5 Ton,4 Star,876.76,111 - 150,1,"41,790",4,"2,462",262
487,Blue,1.5 Ton,5 Star,770.98,111 - 150,1,"45,990",4,"5,266",456
488,Voltas,1.5 Ton,3 Star,1220.59,111 - 150,1,"37,600",,,
489,Hitachi,1.5 Ton,3 Star,1024.34,111 - 150,1,"40,800",,,
490,Panasonic,1.5 Ton,5 Star,774.19,111 - 150,1,"44,990",4.1,"24,837","2,508"
491,Godrej,2 Ton,3 Star,1183.2,151 - 200,5,"42,990",4,"11,016",812
492,Blue,1.5 Ton,3 Star,1076.23,111 - 150,1,"41,500",4.4,15,
493,Panasonic,1.5 Ton,3 Star,1003.57,111 - 150,1,"37,350",,,
494,Blue,1.5 Ton,5 Star,783.33,111 - 150,1,"45,990",,,
495,Hitachi,1.8 Ton,3 Star,,1251,1,"43,999",3.9,63,
496,Panasonic,0.8 Ton,3 Star,519.64,90,,"28,990",4.1,"24,837","2,508"
497,Blue,2 Ton,3 Star,1261.37,151 - 200,1,"48,990",4,"5,266",456
498,Hitachi,1 Ton,3 Star,,0,,"41,290",3.6,23,
499,Blue,1 Ton,2 Star,727.66,90,,"37,000",,,
500,Panasonic,1 Ton,3 Star,676.64,90,,"32,990",4,"2,462",262
501,Panasonic,1 Ton,5 Star,524.08,90,,"38,990",4.1,"24,837","2,508"
502,Hitachi,1.5 Ton,5 Star,897.84,111 - 150,1,"68,900",,,
503,Voltas,2 Ton,,,151 - 200,,"79,990",,,
504,Lloyd,1 Ton,5 Star,,90,,"36,999",,,
505,Hitachi,1.5 Ton,5 Star,813.13,111 - 150,1,"48,300",,,
506,CARRIER,1.5 Ton,3 Star,964.1,111 - 150,1,"35,990",4,"14,872","1,254"
507,Panasonic,1.5 Ton,4 Star,876.76,111 - 150,1,"41,790",4,"2,464",262
508,Daikin,2.02 Ton,4 Star,1372.85,,,"62,990",3.5,21,
509,Blue,1.5 Ton,3 Star,1012.16,111 - 150,1,"36,490",3.3,,
510,Blue,1.5 Ton,5 Star,770.98,111 - 150,1,"45,990",4,"5,266",456
511,Panasonic,1.5 Ton,3 Star,1002.31,111 - 150,1,"36,990",4.1,"24,837","2,508"
512,Panasonic,1.5 Ton,5 Star,,1290,1,"43,200",,,
513,Lloyd,1.5 Ton,4 Star,972.33,111 - 150,1,"40,200",4.5,,
514,iMEE,1.5 Ton,5 Star,,1360,1,"39,999",,,
515,Panasonic,1 Ton,3 Star,656.44,90,,"34,999",,,
516,Panasonic,0.8 Ton,3 Star,519.64,90,,"28,990",4.1,"24,837","2,508"
517,Godrej,2 Ton,3 Star,1183.2,151 - 200,5,"42,990",4,"11,016",812
518,Godrej,1.5 Ton,,,111 - 150,,"36,790",,,
519,Lloyd,1.5 Ton,3 Star,,111 - 150,,"38,500",2.1,14,
520,Panasonic,1.5 Ton,5 Star,774.19,111 - 150,1,"44,990",4.1,"24,837","2,508"
521,Blue,2 Ton,3 Star,1261.37,151 - 200,1,"48,990",4,"5,266",456
522,Hitachi,1.5 Ton,3 Star,,0,1,"40,800",3.5,14,
523,iMEE,1.5 Ton,3 Star,,1835,1,"35,024",,,
524,Daikin,1 Ton,3 Star,,90,,"35,165",2.3,,
525,Hitachi,1.5 Ton,5 Star,,1540,1,"48,000",,,
526,Panasonic,1 Ton,3 Star,676.64,90,,"32,990",4,"2,464",262
527,Panasonic,1 Ton,5 Star,524.08,90,,"38,990",4.1,"24,837","2,508"
528,Hitachi,1.5 Ton,,,111 - 150,,"40,500",,,
529,Hitachi,1.5 Ton,3 Star,1024.34,111 - 150,1,"40,800",,,
530,CARRIER,1.5 Ton,3 Star,964.1,111 - 150,1,"35,990",4,"14,872","1,254"
531,IFB,1.5 Ton,3 Star,1002.83,111 - 150,1,"41,490",3.9,"1,637",133
532,Lloyd,1.5 Ton,3 Star,,1835,1,"36,990",3,,
533,SAMSUNG,1.5 Ton,5 Star,749.48,111 - 150,1,"64,990",,,
534,Panasonic,1.5 Ton,3 Star,1002.72,111 - 150,1,"35,490",4.1,"24,837","2,508"
535,Panasonic,1.5 Ton,3 Star,1002.31,111 - 150,1,"36,990",4.1,"24,837","2,508"
536,Panasonic,1.5 Ton,4 Star,876.76,111 - 150,1,"41,790",4,"2,464",262
537,Blue,1.5 Ton,5 Star,770.98,111 - 150,1,"45,990",4,"5,266",456
538,LG,1.5 Ton,5 Star,685.26,111 - 150,1,"49,990",4.1,"40,617","3,635"
539,Lloyd,2 Ton,3 Star,1261.37,151 - 200,1,"47,990",4.2,593,83
540,Panasonic,1.5 Ton,5 Star,774.19,111 - 150,1,"44,990",4.1,"24,837","2,508"
541,Godrej,2 Ton,3 Star,1183.2,151 - 200,5,"42,990",4,"11,016",812
542,SAMSUNG,1.5 Ton,5 Star,806.28,111 - 150,1,"58,990",4.3,352,36
543,Lloyd,1 Ton,3 Star,698.48,90,,"30,990",4.1,"11,020","1,437"
544,,1.5 Ton,5 Star,1453.77,111 - 150,1,"61,594",3.4,,
545,Frigidaire,1 Ton,3 Star,692.38,90,,"28,999",,,
546,Panasonic,0.8 Ton,3 Star,519.64,90,,"28,990",4.1,"24,837","2,508"
547,Panasonic,1 Ton,3 Star,676.64,90,,"32,990",4,"2,464",262
548,Lloyd,1.5 Ton,5 Star,794.34,111 - 150,1,"45,774",,,
549,Daikin,1.5 Ton,,,111 - 150,,"60,299",,,
550,Blue,2 Ton,3 Star,1261.37,151 - 200,1,"48,990",4,"5,266",456
551,Panasonic,1 Ton,5 Star,524.08,90,,"38,990",4.1,"24,837","2,508"
552,CARRIER,1 Ton,3 Star,,1595,,"41,890",,,
553,CARRIER,1.5 Ton,3 Star,,1750,1,"43,599",,,
554,Haier,1.5 Ton,3 Star,1089.14,111 - 150,5,"62,990",,,
555,Voltas,1.5 Ton,3 Star,975.26,111 - 150,1,"37,600",1.5,,
556,CARRIER,1.5 Ton,3 Star,964.1,111 - 150,1,"35,990",4,"14,872","1,254"
557,IFB,1.5 Ton,3 Star,1002.83,111 - 150,1,"41,490",3.9,"1,637",133
558,,1 Ton,3 Star,655.74,90,,"32,999",1.7,,
559,LG,1.5 Ton,5 Star,744.99,111 - 150,1,"49,999",,,
560,Panasonic,1.5 Ton,3 Star,1002.31,111 - 150,1,"36,990",4.1,"24,837","2,508"
561,Panasonic,1.5 Ton,4 Star,876.76,111 - 150,1,"41,790",4,"2,464",262
562,Lloyd,1 Ton,2 Star,735.4,90,,"31,000",,,
563,,2 Ton,3 Star,1248.28,151 - 200,2,"48,990",1.7,,
564,,2 Ton,3 Star,1432.1,151 - 200,1,"66,500",,,
565,Hitachi,1 Ton,3 Star,669.16,90,,"36,300",,,
566,Blue,1.5 Ton,5 Star,770.98,111 - 150,1,"45,990",4,"5,266",456
567,Panasonic,1.5 Ton,5 Star,774.19,111 - 150,1,"44,990",4.1,"24,837","2,508"
568,Panasonic,1.5 Ton,4 Star,885.4,111 - 150,1,"42,450",,,
569,Lloyd,1.5 Ton,3 Star,1043.12,111 - 150,1,"53,999",,,
570,Godrej,2 Ton,3 Star,1183.2,151 - 200,5,"42,990",4,"11,016",812
571,Panasonic,0.8 Ton,3 Star,519.64,90,,"28,990",4.1,"24,837","2,508"
572,,1.5 Ton,5 Star,706.85,111 - 150,2,"42,999",1.7,,
573,SAMSUNG,1 Ton,3 Star,624.48,90,,"60,990",4.3,,
574,LG,2 Ton,3 Star,1220.4,151 - 200,1,"58,300",,,
575,Blue,1.5 Ton,5 Star,783.33,111 - 150,1,"47,800",3.2,11,
576,CARRIER,1.5 Ton,3 Star,964.1,111 - 150,1,"35,990",4,"14,872","1,254"
577,Panasonic,1.5 Ton,3 Star,1002.31,111 - 150,1,"36,990",4.1,"24,837","2,508"
578,SAMSUNG,1 Ton,3 Star,624.48,90,,"50,990",4.1,"3,097",245
579,Voltas,1 Ton,3 Star,682.59,90,,"32,989",4,"16,528",852
580,Panasonic,1.5 Ton,4 Star,876.76,111 - 150,1,"41,790",4,"2,464",262
581,Blue,1.5 Ton,5 Star,770.98,111 - 150,1,"45,990",4,"5,266",456
582,Daikin,1.5 Ton,5 Star,756.78,111 - 150,1,"71,200",4.3,390,56
583,Lloyd,1 Ton,3 Star,698.49,90,,"32,999",4.2,285,60
584,SAMSUNG,1.5 Ton,5 Star,749.48,111 - 150,1,"76,990",4.1,"2,440",206
585,LG,1.5 Ton,3 Star,852.44,111 - 150,1,"44,500",4.1,"40,617","3,635"
586,Panasonic,1.5 Ton,5 Star,774.19,111 - 150,1,"44,990",4.1,"24,837","2,508"
587,Godrej,2 Ton,3 Star,1183.2,151 - 200,5,"42,990",4,"11,016",812
588,LG,1.5 Ton,5 Star,685.26,111 - 150,1,"50,400",4.3,"4,292",423
589,Voltas,1.5 Ton,4 Star,945.28,111 - 150,1,"53,591",4.2,"24,926","2,037"
590,Panasonic,0.8 Ton,3 Star,519.64,90,,"28,990",4.1,"24,837","2,508"
591,Blue,2 Ton,3 Star,1261.37,151 - 200,1,"48,990",4,"5,266",456
592,Voltas,1.5 Ton,5 Star,893.02,111 - 150,1,"43,600",4.2,"24,926","2,037"
593,Daikin,1.5 Ton,5 Star,,1540,1,"45,490",4.1,73,
594,SAMSUNG,1.5 Ton,5 Star,863.15,111 - 150,1,"45,309",4.2,"24,223","2,361"
595,SAMSUNG,1.5 Ton,5 Star,806.28,111 - 150,1,"42,999",4.3,352,36
596,Panasonic,1 Ton,3 Star,676.64,90,,"32,990",4,"2,464",262
597,Panasonic,1 Ton,5 Star,524.08,90,,"38,990",4.1,"24,837","2,508"
598,CARRIER,1.5 Ton,5 Star,754.05,111 - 150,1,"39,999",4.3,390,49
599,CARRIER,1.5 Ton,4 Star,859.34,111 - 150,1,"64,890",4.2,"3,544",352
600,CARRIER,1.5 Ton,3 Star,964.1,111 - 150,1,"35,990",4,"14,872","1,254"
601,IFB,1.5 Ton,3 Star,1002.83,111 - 150,1,"41,490",3.9,"1,637",133
602,SAMSUNG,1.5 Ton,5 Star,863.15,111 - 150,1,"45,309",4.2,"24,223","2,361"
603,Panasonic,1 Ton,5 Star,531.41,90,,"42,990",4.2,374,43
604,CARRIER,1.5 Ton,4 Star,859.34,111 - 150,1,"64,890",4.2,"3,544",352
605,Lloyd,1 Ton,3 Star,698.49,90,,"44,999",4.2,285,60
606,Panasonic,1.5 Ton,3 Star,1002.31,111 - 150,1,"36,990",4.1,"24,837","2,508"
607,Panasonic,1.5 Ton,4 Star,876.76,111 - 150,1,"41,790",4,"2,464",262
608,Daikin,1.5 Ton,4 Star,966.47,111 - 150,1,"57,659",4.2,639,65
609,Daikin,1.5 Ton,3 Star,,1045,1,"42,500",4.3,464,44
610,Blue,1.5 Ton,5 Star,770.98,111 - 150,1,"45,990",4,"5,266",456
611,Panasonic,1.5 Ton,5 Star,774.19,111 - 150,1,"44,990",4.1,"24,837","2,508"
612,Daikin,1.5 Ton,3 Star,881.05,111 - 150,1,"48,322",3.8,105,
613,Daikin,1.5 Ton,3 Star,,1752,1,"41,500",4.3,542,46
614,Panasonic,1.5 Ton,4 Star,885.4,111 - 150,1,"49,800",4.2,374,43
615,CARRIER,1.5 Ton,3 Star,964.1,111 - 150,1,"41,300",4.2,271,21
616,Godrej,2 Ton,3 Star,1183.2,151 - 200,5,"42,990",4,"11,016",812
617,Panasonic,0.8 Ton,3 Star,519.64,90,,"28,990",4.1,"24,837","2,508"
618,Voltas,1.5 Ton,3 Star,,1685,1,"37,200",4.3,129,15
619,IFB,1.5 Ton,5 Star,867.16,111 - 150,1,"57,640",4,23,
620,Panasonic,1 Ton,3 Star,676.64,90,,"32,990",4,"2,464",262
621,Blue,2 Ton,3 Star,1261.37,151 - 200,1,"48,990",4,"5,266",456
622,Voltas,1.5 Ton,3 Star,1052.15,111 - 150,1,"34,999",4,"16,528",852
623,Voltas,1.5 Ton,5 Star,892.9,111 - 150,1,"41,999",4.3,151,16
624,Daikin,1.5 Ton,4 Star,966.47,111 - 150,1,"38,900",4.2,32,
625,Blue,1.5 Ton,5 Star,,1400,1,"47,500",3.7,23,
626,CARRIER,1.5 Ton,3 Star,964.1,111 - 150,1,"35,990",4,"14,872","1,254"
627,IFB,1.5 Ton,3 Star,1002.83,111 - 150,1,"41,490",3.9,"1,637",133
628,CARRIER,1.5 Ton,4 Star,,1595,1,"68,490",3.3,,
629,Daikin,1.5 Ton,3 Star,989.31,111 - 150,1,"40,000",,,
630,Panasonic,1.5 Ton,3 Star,1002.31,111 - 150,1,"36,990",4.1,"24,837","2,508"
631,Panasonic,1.5 Ton,4 Star,876.76,111 - 150,1,"41,790",4,"2,464",262
632,CARRIER,1.5 Ton,3 Star,,1700,1,"65,000",,,
633,CARRIER,1.5 Ton,3 Star,1215.35,111 - 150,1,"51,990",,,
634,,2 Ton,5 Star,1168.9,151 - 200,1,"74,240",,,
635,Equator,0.75 Ton,,,90,,"43,550",3.1,,
636,Blue,1.5 Ton,5 Star,770.98,111 - 150,1,"45,990",4,"5,266",456
637,Panasonic,1.5 Ton,5 Star,774.19,111 - 150,1,"44,990",4.1,"24,837","2,508"
638,Hitachi,1.5 Ton,3 Star,,1115,1,"41,800",3.9,27,
639,Hitachi,1 Ton,5 Star,537.82,90,,"54,600",4.7,,
640,Godrej,2 Ton,3 Star,1183.2,151 - 200,5,"42,990",4,"11,016",812
641,Panasonic,0.8 Ton,3 Star,519.64,90,,"28,990",4.1,"24,837","2,508"
642,Haier,1.5 Ton,3 Star,1045.04,111 - 150,1,"38,300",,,
643,CARRIER,1.5 Ton,3 Star,999.69,111 - 150,1,"40,800",3.9,25,
644,Voltas,1.5 Ton,3 Star,975.26,111 - 150,1,"37,600",1.5,,
645,Daikin,1.5 Ton,,,111 - 150,,"60,299",,,
646,Panasonic,1 Ton,3 Star,676.64,90,,"32,990",4,"2,464",262
647,Blue,2 Ton,3 Star,1261.37,151 - 200,1,"48,990",4,"5,266",456
648,Lloyd,1.5 Ton,3 Star,1043.12,111 - 150,1,"53,999",,,
649,Voltas,1 Ton,,,90,,"54,990",3.3,,
650,CARRIER,1.5 Ton,3 Star,964.1,111 - 150,1,"35,990",4,"14,872","1,254"
651,IFB,1.5 Ton,3 Star,1002.83,111 - 150,1,"41,490",3.9,"1,637",133
652,Daikin,1 Ton,4 Star,620.32,90,,"35,661",,,
653,Daikin,1.5 Ton,4 Star,930.42,111 - 150,1,"42,999",3.4,10,
654,SAMSUNG,1 Ton,3 Star,624.48,90,,"60,990",4.3,,
655,Daikin,1.5 Ton,4 Star,1134.28,111 - 150,1,"41,500",2.5,,
656,Panasonic,1.5 Ton,3 Star,1002.31,111 - 150,1,"36,990",4.1,"24,837","2,508"
657,Panasonic,1.5 Ton,4 Star,876.76,111 - 150,1,"41,790",4,"2,464",262
658,Daikin,1 Ton,4 Star,680.4,90,,"49,289",,,
659,SAMSUNG,2 Ton,3 Star,1145.22,151 - 200,1,"82,990",,,
660,Blue,1.5 Ton,5 Star,770.98,111 - 150,1,"45,990",4,"5,266",456
661,Panasonic,1.5 Ton,5 Star,774.19,111 - 150,1,"44,990",4.1,"24,837","2,508"
662,LG,1 Ton,5 Star,521.2,90,,"78,000",,,
663,Blue,1.5 Ton,5 Star,774.88,111 - 150,1,"47,100",,,
664,CARRIER,1.5 Ton,3 Star,1045.04,111 - 150,1,"42,000",,,
665,Daikin,1.5 Ton,5 Star,,744,1,"51,516",4.2,49,
666,Godrej,2 Ton,3 Star,1183.2,151 - 200,5,"42,990",4,"11,016",812
667,Panasonic,0.8 Ton,3 Star,519.64,90,,"28,990",4.1,"24,837","2,508"
668,SAMSUNG,1.5 Ton,3 Star,977.8,111 - 150,1,"62,990",4.7,,
669,Haier,1.5 Ton,3 Star,925.24,111 - 150,1,"38,790",,,
670,Panasonic,1 Ton,3 Star,676.64,90,,"32,990",4,"2,464",262
671,Blue,2 Ton,3 Star,1261.37,151 - 200,1,"48,990",4,"5,266",456
672,Haier,1.5 Ton,3 Star,925.24,111 - 150,1,"43,000",,,
673,SAMSUNG,1.5 Ton,5 Star,749.48,111 - 150,1,"64,990",,,
674,SAMSUNG,1.5 Ton,3 Star,977.8,111 - 150,1,"69,990",,,
675,LG,1.5 Ton,5 Star,,520,1,"34,419",4.3,"4,292",423
